{"cameraMode":{"drawMode":0,"name":"Shaded","section":"Shading Mode"},"sceneLighting":true,"audioPlay":false,"sceneViewState":{"showFog":true,"showMaterialUpdate":false,"showSkybox":true,"showFlares":true,"showImageEffects":true,"showParticleSystems":true},"in2DMode":false,"pivot":{"x":0.340118408203125,"y":0.7680063843727112,"z":-0.4177275002002716},"rotation":{"x":-0.10155874490737915,"y":0.7877857089042664,"z":-0.13507422804832459,"w":-0.5923135280609131},"size":3.9217865467071535,"orthographic":false}